aliases,critical_stages,doc_key,duration_days,heat_stress_threshold_c,humidity_risk_threshold_percent,moisture_critical,moisture_optimal,name,notes,ph_optimal,ph_tolerable,season,season_rainfall_mm,suitable_soils,temp_absolute_max,temp_optimal,water_requirement_mm
"['paddy', 'oryza sativa']","['panicle initiation', 'booting', 'flowering', 'grain filling']",,"[110, 150]",35.0,92.0,25.0,"[45.0, 90.0]",Rice,Rice tolerates standing water and responds strongly to assured water supply; alternating wetting and drying reduces methane emissions and water use.,"[5.5, 7.0]","[5.0, 7.5]",kharif / rabi (transplanted or direct seeded),"[1000.0, 3000.0]","['clay', 'clay_loam', 'black_soil', 'alluvial']",38.0,"[24.0, 32.0]","[600.0, 1200.0]"
"['bread wheat', 'durum wheat', 'triticum aestivum']","['crown root initiation', 'tillering', 'jointing', 'flowering', 'grain filling']",,"[100, 135]",30.0,85.0,30.0,"[45.0, 65.0]",Wheat,Terminal heat above 30 C during grain filling sharply reduces grain weight; an irrigation timed around crown root initiation is usually the highest priority.,"[6.0, 7.5]","[5.5, 8.0]",rabi (cool season),"[400.0, 750.0]","['loam', 'silt_loam', 'clay_loam', 'alluvial', 'black_soil']",30.0,"[15.0, 22.0]","[400.0, 650.0]"
"['corn', 'zea mays']","['tasselling', 'silking', 'grain filling']",,"[90, 130]",33.0,85.0,35.0,"[50.0, 75.0]",Maize,Maize is most sensitive to water shortage at tasselling and silking; a single missed irrigation in this window can dominate season yield.,"[5.5, 7.5]","[5.0, 8.0]",kharif / spring,"[600.0, 1200.0]","['loam', 'sandy_loam', 'clay_loam', 'alluvial', 'silt_loam']",35.0,"[21.0, 27.0]","[500.0, 800.0]"
"['jowar', 'great millet', 'sorghum bicolor']","['emergence', 'booting', 'flowering', 'grain filling']",,"[95, 130]",40.0,85.0,25.0,"[35.0, 55.0]",Sorghum,Sorghum is a drought-resilient crop suited to semi-arid tracts with erratic rainfall.,"[5.5, 7.5]","[5.0, 8.0]",kharif / rabi,"[400.0, 700.0]","['sandy_loam', 'loam', 'red_soil', 'black_soil', 'sandy']",40.0,"[25.0, 32.0]","[350.0, 550.0]"
"['gossypium', 'cottonseed']","['squaring', 'flowering', 'boll development']",,"[150, 210]",37.0,88.0,30.0,"[45.0, 70.0]",Cotton,Square and boll development stages are highly sensitive to both moisture deficit and boll rot after wet spells.,"[6.0, 7.5]","[5.5, 8.5]",kharif,"[600.0, 1200.0]","['black_soil', 'alluvial', 'clay_loam', 'loam', 'red_soil']",38.0,"[21.0, 30.0]","[700.0, 1100.0]"
"['peanut', 'arachis hypogaea']","['germination', 'flowering', 'pod development', 'pod filling']",,"[100, 140]",36.0,88.0,25.0,"[40.0, 60.0]",Groundnut,Excess water around the root zone causes red rot; a well-drained sandy loam is preferred.,"[6.0, 7.5]","[5.5, 8.0]",kharif,"[400.0, 600.0]","['sandy_loam', 'red_soil', 'sandy', 'loam', 'laterite']",38.0,"[25.0, 32.0]","[350.0, 500.0]"
"['gram', 'garbanzo', 'cicer arietinum']","['emergence', 'branching', 'flowering', 'pod filling']",,"[95, 125]",32.0,85.0,28.0,"[40.0, 60.0]",Chickpea,Chickpea is largely grown on residual moisture; excess water causes damping off and wilt.,"[6.0, 7.5]","[5.5, 8.0]",rabi,"[300.0, 500.0]","['loam', 'silt_loam', 'clay_loam', 'black_soil', 'alluvial']",32.0,"[15.0, 25.0]","[300.0, 450.0]"
"['lycopersicon esculentum', 'tamatar']","['establishment', 'flowering', 'fruit set', 'fruit development']",,"[110, 150]",33.0,88.0,38.0,"[55.0, 75.0]",Tomato,Irregular moisture plus high humidity favours fruit rot; avoid overhead irrigation late in the day.,"[6.0, 7.0]","[5.5, 7.5]",kharif / rabi / summer,"[600.0, 1250.0]","['loam', 'sandy_loam', 'silt_loam', 'alluvial', 'red_soil']",35.0,"[18.0, 27.0]","[450.0, 700.0]"
"['soya', 'glycine max']","['emergence', 'flowering', 'pod filling']",,"[90, 120]",34.0,88.0,33.0,"[50.0, 70.0]",Soybean,Soybean fixes its own nitrogen but still needs a reliable supply of water at pod filling.,"[6.0, 7.5]","[5.5, 8.0]",kharif,"[600.0, 1000.0]","['black_soil', 'loam', 'clay_loam', 'alluvial', 'silt_loam']",36.0,"[22.0, 30.0]","[450.0, 700.0]"
"['bajra', 'pennisetum glaucum']","['emergence', 'tillering', 'grain filling']",,"[75, 100]",40.0,85.0,20.0,"[30.0, 50.0]",Pearl Millet,Highly heat and drought tolerant; grows on light soils with low fertility.,"[6.0, 7.5]","[5.5, 8.5]",kharif,"[300.0, 600.0]","['sandy', 'sandy_loam', 'red_soil', 'red_laterite', 'loam']",42.0,"[25.0, 32.0]","[250.0, 400.0]"
"['ragi', 'mandua', 'eleusine coracana']","['emergence', 'tillering', 'grain filling']",,"[85, 110]",35.0,85.0,25.0,"[40.0, 60.0]",Finger Millet,Finger millet is a staple in rainfed tracts and stores well as grain.,"[5.5, 7.5]","[5.0, 8.0]",kharif / summer,"[400.0, 600.0]","['red_soil', 'sandy_loam', 'loam', 'laterite', 'sandy']",36.0,"[20.0, 30.0]","[300.0, 450.0]"
"['tur', 'arhar', 'cajanus cajan']","['flowering', 'pod development', 'pod filling']",,"[150, 200]",36.0,85.0,27.0,"[40.0, 60.0]",Pigeonpea,Pigeonpea is deep rooted and drought tolerant once established.,"[6.0, 7.5]","[5.5, 8.0]",kharif,"[500.0, 800.0]","['black_soil', 'red_soil', 'loam', 'clay_loam', 'laterite']",38.0,"[24.0, 33.0]","[350.0, 500.0]"
"['rapeseed', 'canola', 'brassica juncea']","['establishment', 'rosette', 'flowering', 'pod filling']",,"[100, 130]",30.0,88.0,28.0,"[40.0, 60.0]",Mustard,Terminal heat and moisture stress at pod filling cause severe yield loss.,"[6.0, 7.5]","[5.5, 8.0]",rabi,"[300.0, 450.0]","['loam', 'silt_loam', 'clay_loam', 'alluvial', 'black_soil']",30.0,"[15.0, 25.0]","[250.0, 400.0]"
"['aloo', 'solanum tuberosum']","['sprout development', 'stolon growth', 'tuber initiation', 'bulking']",,"[80, 120]",28.0,90.0,40.0,"[55.0, 75.0]",Potato,"Potato prefers a slightly acidic, well-aerated soil; tuber quality falls sharply when soil pH exceeds 7.0 (tuber blotch).","[5.0, 6.5]","[4.5, 7.0]",rabi / kharif,"[500.0, 750.0]","['sandy_loam', 'loam', 'silt_loam', 'red_soil', 'alluvial']",30.0,"[15.0, 22.0]","[350.0, 550.0]"
