activity_type,approval_request_id,created_at,evidence,field_id,id,notes,priority,reason,responsible_person,scheduled_date,status,title,window_days,workflow_run_id
field_scouting,,2026-10-05T16:16:37.246377Z,"[{'label': 'Risk finding: water_stress', 'value': 'medium', 'kind': 'rule', 'unit': None, 'source': 'crop risk monitoring agent', 'reference': None, 'note': 'Environmental conditions favourable for water stress: measured soil moisture 21.59% VWC is at or below the critical threshold of 27.0% VWC for Pigeonpea.', 'observed_at': None}]",5,63,,medium,1 environmental risk finding(s) reported; highest severity 'moderate'. Scout to confirm presence or absence - the system does not diagnose.,,2026-10-08T06:00:00Z,planned,Scout Loam Pigeonpea Plot for conditions favouring water stress,1,30
irrigation,30,2026-10-05T16:16:37.246380Z,"[{'label': 'Irrigation recommendation', 'value': 'consider_irrigation', 'kind': 'rule', 'unit': None, 'source': 'irrigation agent', 'reference': None, 'note': 'Urgency: high; depth 19.6 mm; volume 41.2 m3.', 'observed_at': None}]",5,64,,high,"Measured soil moisture is 21.59% VWC at the vegetative stage. The texture-specific refill trigger for loam is 21.0% VWC and the critical threshold for Pigeonpea is 27.0% VWC, with insufficient rainfall forecast inside the decision window. Irrigation is recommended and requires human authorisation. AWAITING HUMAN AUTHORISATION - do not apply water until a reviewer approves this plan.",,2026-10-05T06:00:00Z,planned,Apply 19.6 mm irrigation to Loam Pigeonpea Plot,1,30
field_scouting,,2026-10-05T16:16:33.184746Z,"[{'label': 'Risk finding: water_stress', 'value': 'medium', 'kind': 'rule', 'unit': None, 'source': 'crop risk monitoring agent', 'reference': None, 'note': 'Environmental conditions favourable for water stress: measured soil moisture 19.77% VWC is at or below the critical threshold of 25.0% VWC for Groundnut.', 'observed_at': None}]",4,59,,medium,1 environmental risk finding(s) reported; highest severity 'moderate'. Scout to confirm presence or absence - the system does not diagnose.,,2026-10-08T06:00:00Z,planned,Scout Sandy Loam Onion Plot for conditions favouring water stress,1,29
irrigation,29,2026-10-05T16:16:33.184749Z,"[{'label': 'Irrigation recommendation', 'value': 'consider_irrigation', 'kind': 'rule', 'unit': None, 'source': 'irrigation agent', 'reference': None, 'note': 'Urgency: medium; depth 9.6 mm; volume 21.1 m3.', 'observed_at': None}]",4,60,,medium,"Measured soil moisture is 19.77% VWC at the sowing stage. The texture-specific refill trigger for sandy_loam is 15.0% VWC and the critical threshold for Groundnut is 25.0% VWC, with insufficient rainfall forecast inside the decision window. Irrigation is recommended and requires human authorisation. AWAITING HUMAN AUTHORISATION - do not apply water until a reviewer approves this plan.",,2026-10-05T06:00:00Z,planned,Apply 9.6 mm irrigation to Sandy Loam Onion Plot,1,29
soil_testing,,2026-10-05T16:16:33.184751Z,"[{'label': 'Missing soil inputs', 'value': 'historical seasonal rainfall totals (only the forecast window was assessed)', 'kind': 'rule', 'unit': None, 'source': 'crop suitability agent', 'reference': None, 'note': None, 'observed_at': None}]",4,61,,low,The suitability assessment could not be completed because these inputs are absent: historical seasonal rainfall totals (only the forecast window was assessed),,2026-10-10T06:00:00Z,planned,Collect soil sample from Sandy Loam Onion Plot for missing parameters,7,29
sowing,,2026-10-05T16:16:33.184753Z,"[{'label': 'Suitability score', 'value': 0.754, 'kind': 'rule', 'unit': None, 'source': 'crop suitability agent', 'reference': None, 'note': 'status: suitable_with_conditions', 'observed_at': None}]",4,62,,medium,Suitability status 'suitable_with_conditions' for groundnut (score 0.754). Confirm the planting window before committing seed and input cost.,,2026-10-07T06:00:00Z,planned,Confirm sowing window for groundnut on Sandy Loam Onion Plot,1,29
irrigation,28,2026-10-05T16:16:27.988770Z,"[{'label': 'Irrigation recommendation', 'value': 'consider_irrigation', 'kind': 'rule', 'unit': None, 'source': 'irrigation agent', 'reference': None, 'note': 'Urgency: high; depth 22.5 mm; volume 81.0 m3.', 'observed_at': None}]",3,56,,high,"Measured soil moisture is 20.5% VWC at the maturity stage. The texture-specific refill trigger for alluvial is 22.0% VWC and the critical threshold for Wheat is 30.0% VWC, with insufficient rainfall forecast inside the decision window. Irrigation is recommended and requires human authorisation. AWAITING HUMAN AUTHORISATION - do not apply water until a reviewer approves this plan.",,2026-10-05T06:00:00Z,planned,Apply 22.5 mm irrigation to Canal-fed Wheat Plot,1,28
soil_testing,,2026-10-05T16:16:27.988778Z,"[{'label': 'Missing soil inputs', 'value': 'historical seasonal rainfall totals (only the forecast window was assessed)', 'kind': 'rule', 'unit': None, 'source': 'crop suitability agent', 'reference': None, 'note': None, 'observed_at': None}]",3,57,,low,The suitability assessment could not be completed because these inputs are absent: historical seasonal rainfall totals (only the forecast window was assessed),,2026-10-10T06:00:00Z,planned,Collect soil sample from Canal-fed Wheat Plot for missing parameters,7,28
harvest_planning,,2026-10-05T16:16:27.988780Z,"[{'label': 'Recorded crop stage', 'value': 'maturity', 'kind': 'user_input', 'unit': None, 'source': 'field profile', 'reference': None, 'note': None, 'observed_at': None}]",3,58,,medium,Crop stage is recorded as maturity; harvesting and residue management should be planned.,,2026-10-12T06:00:00Z,planned,Plan harvest and post-harvest operations for wheat on Canal-fed Wheat Plot,5,28
irrigation,27,2026-10-05T16:16:22.294908Z,"[{'label': 'Irrigation recommendation', 'value': 'consider_irrigation', 'kind': 'rule', 'unit': None, 'source': 'irrigation agent', 'reference': None, 'note': 'Urgency: high; depth 18.3 mm; volume 47.6 m3.', 'observed_at': None}]",2,55,,high,"Measured soil moisture is 12.54% VWC at the vegetative stage. The texture-specific refill trigger for red_laterite is 15.0% VWC and the critical threshold for Sorghum is 25.0% VWC, with insufficient rainfall forecast inside the decision window. Irrigation is recommended and requires human authorisation. AWAITING HUMAN AUTHORISATION - do not apply water until a reviewer approves this plan.",,2026-10-05T06:00:00Z,planned,Apply 18.3 mm irrigation to Tank-fed Red Laterite Plot,1,27
soil_testing,,2026-10-05T16:16:15.710968Z,"[{'label': 'Missing soil inputs', 'value': 'historical seasonal rainfall totals (only the forecast window was assessed)', 'kind': 'rule', 'unit': None, 'source': 'crop suitability agent', 'reference': None, 'note': None, 'observed_at': None}]",1,54,,low,The suitability assessment could not be completed because these inputs are absent: historical seasonal rainfall totals (only the forecast window was assessed),,2026-10-10T06:00:00Z,planned,Collect soil sample from North Black Cotton Plot for missing parameters,7,26
field_scouting,,2026-10-05T16:15:39.378210Z,"[{'label': 'Risk finding: water_stress', 'value': 'medium', 'kind': 'rule', 'unit': None, 'source': 'crop risk monitoring agent', 'reference': None, 'note': 'Environmental conditions favourable for water stress: measured soil moisture 20.16% VWC is at or below the critical threshold of 25.0% VWC for Groundnut.', 'observed_at': None}]",4,50,,medium,1 environmental risk finding(s) reported; highest severity 'moderate'. Scout to confirm presence or absence - the system does not diagnose.,,2026-10-08T06:00:00Z,planned,Scout Sandy Loam Onion Plot for conditions favouring water stress,1,24
irrigation,24,2026-10-05T16:15:39.378215Z,"[{'label': 'Irrigation recommendation', 'value': 'consider_irrigation', 'kind': 'rule', 'unit': None, 'source': 'irrigation agent', 'reference': None, 'note': 'Urgency: medium; depth 9.0 mm; volume 19.8 m3.', 'observed_at': None}]",4,51,,medium,"Measured soil moisture is 20.16% VWC at the sowing stage. The texture-specific refill trigger for sandy_loam is 15.0% VWC and the critical threshold for Groundnut is 25.0% VWC, with insufficient rainfall forecast inside the decision window. Irrigation is recommended and requires human authorisation. AWAITING HUMAN AUTHORISATION - do not apply water until a reviewer approves this plan.",,2026-10-05T06:00:00Z,planned,Apply 9.0 mm irrigation to Sandy Loam Onion Plot,1,24
soil_testing,,2026-10-05T16:15:39.378217Z,"[{'label': 'Missing soil inputs', 'value': 'historical seasonal rainfall totals (only the forecast window was assessed)', 'kind': 'rule', 'unit': None, 'source': 'crop suitability agent', 'reference': None, 'note': None, 'observed_at': None}]",4,52,,low,The suitability assessment could not be completed because these inputs are absent: historical seasonal rainfall totals (only the forecast window was assessed),,2026-10-10T06:00:00Z,planned,Collect soil sample from Sandy Loam Onion Plot for missing parameters,7,24
sowing,,2026-10-05T16:15:39.378219Z,"[{'label': 'Suitability score', 'value': 0.754, 'kind': 'rule', 'unit': None, 'source': 'crop suitability agent', 'reference': None, 'note': 'status: suitable_with_conditions', 'observed_at': None}]",4,53,,medium,Suitability status 'suitable_with_conditions' for groundnut (score 0.754). Confirm the planting window before committing seed and input cost.,,2026-10-07T06:00:00Z,planned,Confirm sowing window for groundnut on Sandy Loam Onion Plot,1,24
irrigation,23,2026-10-05T16:15:34.994447Z,"[{'label': 'Irrigation recommendation', 'value': 'consider_irrigation', 'kind': 'rule', 'unit': None, 'source': 'irrigation agent', 'reference': None, 'note': 'Urgency: medium; depth 12.9 mm; volume 46.4 m3.', 'observed_at': None}]",3,47,,medium,"Measured soil moisture is 26.28% VWC at the maturity stage. The texture-specific refill trigger for alluvial is 22.0% VWC and the critical threshold for Wheat is 30.0% VWC, with insufficient rainfall forecast inside the decision window. Irrigation is recommended and requires human authorisation. AWAITING HUMAN AUTHORISATION - do not apply water until a reviewer approves this plan.",,2026-10-05T06:00:00Z,planned,Apply 12.9 mm irrigation to Canal-fed Wheat Plot,1,23
soil_testing,,2026-10-05T16:15:34.994458Z,"[{'label': 'Missing soil inputs', 'value': 'historical seasonal rainfall totals (only the forecast window was assessed)', 'kind': 'rule', 'unit': None, 'source': 'crop suitability agent', 'reference': None, 'note': None, 'observed_at': None}]",3,48,,low,The suitability assessment could not be completed because these inputs are absent: historical seasonal rainfall totals (only the forecast window was assessed),,2026-10-10T06:00:00Z,planned,Collect soil sample from Canal-fed Wheat Plot for missing parameters,7,23
harvest_planning,,2026-10-05T16:15:34.994461Z,"[{'label': 'Recorded crop stage', 'value': 'maturity', 'kind': 'user_input', 'unit': None, 'source': 'field profile', 'reference': None, 'note': None, 'observed_at': None}]",3,49,,medium,Crop stage is recorded as maturity; harvesting and residue management should be planned.,,2026-10-12T06:00:00Z,planned,Plan harvest and post-harvest operations for wheat on Canal-fed Wheat Plot,5,23
field_scouting,,2026-10-05T16:15:31.039683Z,"[{'label': 'Risk finding: water_stress', 'value': 'medium', 'kind': 'rule', 'unit': None, 'source': 'crop risk monitoring agent', 'reference': None, 'note': 'Environmental conditions favourable for water stress: measured soil moisture 18.04% VWC is at or below the critical threshold of 25.0% VWC for Sorghum.', 'observed_at': None}]",2,45,,medium,1 environmental risk finding(s) reported; highest severity 'moderate'. Scout to confirm presence or absence - the system does not diagnose.,,2026-10-08T06:00:00Z,planned,Scout Tank-fed Red Laterite Plot for conditions favouring water stress,1,22
irrigation,22,2026-10-05T16:15:31.039688Z,"[{'label': 'Irrigation recommendation', 'value': 'consider_irrigation', 'kind': 'rule', 'unit': None, 'source': 'irrigation agent', 'reference': None, 'note': 'Urgency: medium; depth 10.2 mm; volume 26.5 m3.', 'observed_at': None}]",2,46,,medium,"Measured soil moisture is 18.04% VWC at the vegetative stage. The texture-specific refill trigger for red_laterite is 15.0% VWC and the critical threshold for Sorghum is 25.0% VWC, with insufficient rainfall forecast inside the decision window. Irrigation is recommended and requires human authorisation. AWAITING HUMAN AUTHORISATION - do not apply water until a reviewer approves this plan.",,2026-10-05T06:00:00Z,planned,Apply 10.2 mm irrigation to Tank-fed Red Laterite Plot,1,22
field_scouting,,2026-10-05T16:15:24.233198Z,"[{'label': 'Risk finding: water_stress', 'value': 'medium', 'kind': 'rule', 'unit': None, 'source': 'crop risk monitoring agent', 'reference': None, 'note': 'Environmental conditions favourable for water stress: measured soil moisture 27.46% VWC is at or below the critical threshold of 30.0% VWC for Cotton.', 'observed_at': None}]",1,42,,medium,1 environmental risk finding(s) reported; highest severity 'moderate'. Scout to confirm presence or absence - the system does not diagnose.,,2026-10-08T06:00:00Z,planned,Scout North Black Cotton Plot for conditions favouring water stress,1,21
irrigation,21,2026-10-05T16:15:24.233202Z,"[{'label': 'Irrigation recommendation', 'value': 'consider_irrigation', 'kind': 'rule', 'unit': None, 'source': 'irrigation agent', 'reference': None, 'note': 'Urgency: medium; depth 20.9 mm; volume 87.8 m3.', 'observed_at': None}]",1,43,,medium,"Measured soil moisture is 27.46% VWC at the flowering stage. The texture-specific refill trigger for black_soil is 26.0% VWC and the critical threshold for Cotton is 30.0% VWC, with insufficient rainfall forecast inside the decision window. Irrigation is recommended and requires human authorisation. AWAITING HUMAN AUTHORISATION - do not apply water until a reviewer approves this plan.",,2026-10-05T06:00:00Z,planned,Apply 20.9 mm irrigation to North Black Cotton Plot,1,21
soil_testing,,2026-10-05T16:15:24.233204Z,"[{'label': 'Missing soil inputs', 'value': 'historical seasonal rainfall totals (only the forecast window was assessed)', 'kind': 'rule', 'unit': None, 'source': 'crop suitability agent', 'reference': None, 'note': None, 'observed_at': None}]",1,44,,low,The suitability assessment could not be completed because these inputs are absent: historical seasonal rainfall totals (only the forecast window was assessed),,2026-10-10T06:00:00Z,planned,Collect soil sample from North Black Cotton Plot for missing parameters,7,21
field_scouting,,2026-10-05T16:14:07.799933Z,"[{'label': 'Risk finding: water_stress', 'value': 'medium', 'kind': 'rule', 'unit': None, 'source': 'crop risk monitoring agent', 'reference': None, 'note': 'Environmental conditions favourable for water stress: measured soil moisture 17.6% VWC is at or below the critical threshold of 25.0% VWC for Groundnut.', 'observed_at': None}]",4,38,,medium,1 environmental risk finding(s) reported; highest severity 'moderate'. Scout to confirm presence or absence - the system does not diagnose.,,2026-10-08T06:00:00Z,planned,Scout Sandy Loam Onion Plot for conditions favouring water stress,1,19
irrigation,19,2026-10-05T16:14:07.799938Z,"[{'label': 'Irrigation recommendation', 'value': 'consider_irrigation', 'kind': 'rule', 'unit': None, 'source': 'irrigation agent', 'reference': None, 'note': 'Urgency: medium; depth 12.9 mm; volume 28.4 m3.', 'observed_at': None}]",4,39,,medium,"Measured soil moisture is 17.6% VWC at the sowing stage. The texture-specific refill trigger for sandy_loam is 15.0% VWC and the critical threshold for Groundnut is 25.0% VWC, with insufficient rainfall forecast inside the decision window. Irrigation is recommended and requires human authorisation. AWAITING HUMAN AUTHORISATION - do not apply water until a reviewer approves this plan.",,2026-10-05T06:00:00Z,planned,Apply 12.9 mm irrigation to Sandy Loam Onion Plot,1,19
soil_testing,,2026-10-05T16:14:07.799941Z,"[{'label': 'Missing soil inputs', 'value': 'historical seasonal rainfall totals (only the forecast window was assessed)', 'kind': 'rule', 'unit': None, 'source': 'crop suitability agent', 'reference': None, 'note': None, 'observed_at': None}]",4,40,,low,The suitability assessment could not be completed because these inputs are absent: historical seasonal rainfall totals (only the forecast window was assessed),,2026-10-10T06:00:00Z,planned,Collect soil sample from Sandy Loam Onion Plot for missing parameters,7,19
sowing,,2026-10-05T16:14:07.799943Z,"[{'label': 'Suitability score', 'value': 0.754, 'kind': 'rule', 'unit': None, 'source': 'crop suitability agent', 'reference': None, 'note': 'status: suitable_with_conditions', 'observed_at': None}]",4,41,,medium,Suitability status 'suitable_with_conditions' for groundnut (score 0.754). Confirm the planting window before committing seed and input cost.,,2026-10-07T06:00:00Z,planned,Confirm sowing window for groundnut on Sandy Loam Onion Plot,1,19
irrigation,18,2026-10-05T16:14:02.200704Z,"[{'label': 'Irrigation recommendation', 'value': 'consider_irrigation', 'kind': 'rule', 'unit': None, 'source': 'irrigation agent', 'reference': None, 'note': 'Urgency: medium; depth 16.2 mm; volume 58.3 m3.', 'observed_at': None}]",3,35,,medium,"Measured soil moisture is 24.31% VWC at the maturity stage. The texture-specific refill trigger for alluvial is 22.0% VWC and the critical threshold for Wheat is 30.0% VWC, with insufficient rainfall forecast inside the decision window. Irrigation is recommended and requires human authorisation. AWAITING HUMAN AUTHORISATION - do not apply water until a reviewer approves this plan.",,2026-10-05T06:00:00Z,planned,Apply 16.2 mm irrigation to Canal-fed Wheat Plot,1,18
soil_testing,,2026-10-05T16:14:02.200709Z,"[{'label': 'Missing soil inputs', 'value': 'historical seasonal rainfall totals (only the forecast window was assessed)', 'kind': 'rule', 'unit': None, 'source': 'crop suitability agent', 'reference': None, 'note': None, 'observed_at': None}]",3,36,,low,The suitability assessment could not be completed because these inputs are absent: historical seasonal rainfall totals (only the forecast window was assessed),,2026-10-10T06:00:00Z,planned,Collect soil sample from Canal-fed Wheat Plot for missing parameters,7,18
harvest_planning,,2026-10-05T16:14:02.200711Z,"[{'label': 'Recorded crop stage', 'value': 'maturity', 'kind': 'user_input', 'unit': None, 'source': 'field profile', 'reference': None, 'note': None, 'observed_at': None}]",3,37,,medium,Crop stage is recorded as maturity; harvesting and residue management should be planned.,,2026-10-12T06:00:00Z,planned,Plan harvest and post-harvest operations for wheat on Canal-fed Wheat Plot,5,18
field_scouting,,2026-10-05T16:13:56.434230Z,"[{'label': 'Risk finding: water_stress', 'value': 'medium', 'kind': 'rule', 'unit': None, 'source': 'crop risk monitoring agent', 'reference': None, 'note': 'Environmental conditions favourable for water stress: measured soil moisture 20.47% VWC is at or below the critical threshold of 25.0% VWC for Sorghum.', 'observed_at': None}]",2,33,,medium,1 environmental risk finding(s) reported; highest severity 'moderate'. Scout to confirm presence or absence - the system does not diagnose.,,2026-10-08T06:00:00Z,planned,Scout Tank-fed Red Laterite Plot for conditions favouring water stress,1,17
irrigation,17,2026-10-05T16:13:56.434262Z,"[{'label': 'Irrigation recommendation', 'value': 'consider_irrigation', 'kind': 'rule', 'unit': None, 'source': 'irrigation agent', 'reference': None, 'note': 'Urgency: medium; depth 6.6 mm; volume 17.2 m3.', 'observed_at': None}]",2,34,,medium,"Measured soil moisture is 20.47% VWC at the vegetative stage. The texture-specific refill trigger for red_laterite is 15.0% VWC and the critical threshold for Sorghum is 25.0% VWC, with insufficient rainfall forecast inside the decision window. Irrigation is recommended and requires human authorisation. AWAITING HUMAN AUTHORISATION - do not apply water until a reviewer approves this plan.",,2026-10-05T06:00:00Z,planned,Apply 6.6 mm irrigation to Tank-fed Red Laterite Plot,1,17
soil_testing,,2026-10-05T16:13:52.184153Z,"[{'label': 'Missing soil inputs', 'value': 'historical seasonal rainfall totals (only the forecast window was assessed)', 'kind': 'rule', 'unit': None, 'source': 'crop suitability agent', 'reference': None, 'note': None, 'observed_at': None}]",1,32,,low,The suitability assessment could not be completed because these inputs are absent: historical seasonal rainfall totals (only the forecast window was assessed),,2026-10-10T06:00:00Z,planned,Collect soil sample from North Black Cotton Plot for missing parameters,7,16
field_scouting,,2026-10-05T16:13:11.041528Z,"[{'label': 'Risk finding: water_stress', 'value': 'medium', 'kind': 'rule', 'unit': None, 'source': 'crop risk monitoring agent', 'reference': None, 'note': 'Environmental conditions favourable for water stress: measured soil moisture 19.9% VWC is at or below the critical threshold of 25.0% VWC for Groundnut.', 'observed_at': None}]",4,28,,medium,1 environmental risk finding(s) reported; highest severity 'moderate'. Scout to confirm presence or absence - the system does not diagnose.,,2026-10-08T06:00:00Z,planned,Scout Sandy Loam Onion Plot for conditions favouring water stress,1,14
irrigation,14,2026-10-05T16:13:11.041531Z,"[{'label': 'Irrigation recommendation', 'value': 'consider_irrigation', 'kind': 'rule', 'unit': None, 'source': 'irrigation agent', 'reference': None, 'note': 'Urgency: medium; depth 9.4 mm; volume 20.7 m3.', 'observed_at': None}]",4,29,,medium,"Measured soil moisture is 19.9% VWC at the sowing stage. The texture-specific refill trigger for sandy_loam is 15.0% VWC and the critical threshold for Groundnut is 25.0% VWC, with insufficient rainfall forecast inside the decision window. Irrigation is recommended and requires human authorisation. AWAITING HUMAN AUTHORISATION - do not apply water until a reviewer approves this plan.",,2026-10-05T06:00:00Z,planned,Apply 9.4 mm irrigation to Sandy Loam Onion Plot,1,14
soil_testing,,2026-10-05T16:13:11.041532Z,"[{'label': 'Missing soil inputs', 'value': 'historical seasonal rainfall totals (only the forecast window was assessed)', 'kind': 'rule', 'unit': None, 'source': 'crop suitability agent', 'reference': None, 'note': None, 'observed_at': None}]",4,30,,low,The suitability assessment could not be completed because these inputs are absent: historical seasonal rainfall totals (only the forecast window was assessed),,2026-10-10T06:00:00Z,planned,Collect soil sample from Sandy Loam Onion Plot for missing parameters,7,14
sowing,,2026-10-05T16:13:11.041534Z,"[{'label': 'Suitability score', 'value': 0.754, 'kind': 'rule', 'unit': None, 'source': 'crop suitability agent', 'reference': None, 'note': 'status: suitable_with_conditions', 'observed_at': None}]",4,31,,medium,Suitability status 'suitable_with_conditions' for groundnut (score 0.754). Confirm the planting window before committing seed and input cost.,,2026-10-07T06:00:00Z,planned,Confirm sowing window for groundnut on Sandy Loam Onion Plot,1,14
irrigation,13,2026-10-05T16:13:05.850657Z,"[{'label': 'Irrigation recommendation', 'value': 'consider_irrigation', 'kind': 'rule', 'unit': None, 'source': 'irrigation agent', 'reference': None, 'note': 'Urgency: medium; depth 6.8 mm; volume 24.5 m3.', 'observed_at': None}]",3,25,,medium,"Measured soil moisture is 29.91% VWC at the maturity stage. The texture-specific refill trigger for alluvial is 22.0% VWC and the critical threshold for Wheat is 30.0% VWC, with insufficient rainfall forecast inside the decision window. Irrigation is recommended and requires human authorisation. AWAITING HUMAN AUTHORISATION - do not apply water until a reviewer approves this plan.",,2026-10-05T06:00:00Z,planned,Apply 6.8 mm irrigation to Canal-fed Wheat Plot,1,13
soil_testing,,2026-10-05T16:13:05.850665Z,"[{'label': 'Missing soil inputs', 'value': 'historical seasonal rainfall totals (only the forecast window was assessed)', 'kind': 'rule', 'unit': None, 'source': 'crop suitability agent', 'reference': None, 'note': None, 'observed_at': None}]",3,26,,low,The suitability assessment could not be completed because these inputs are absent: historical seasonal rainfall totals (only the forecast window was assessed),,2026-10-10T06:00:00Z,planned,Collect soil sample from Canal-fed Wheat Plot for missing parameters,7,13
harvest_planning,,2026-10-05T16:13:05.850668Z,"[{'label': 'Recorded crop stage', 'value': 'maturity', 'kind': 'user_input', 'unit': None, 'source': 'field profile', 'reference': None, 'note': None, 'observed_at': None}]",3,27,,medium,Crop stage is recorded as maturity; harvesting and residue management should be planned.,,2026-10-12T06:00:00Z,planned,Plan harvest and post-harvest operations for wheat on Canal-fed Wheat Plot,5,13
field_scouting,,2026-10-05T16:13:00.916528Z,"[{'label': 'Risk finding: water_stress', 'value': 'medium', 'kind': 'rule', 'unit': None, 'source': 'crop risk monitoring agent', 'reference': None, 'note': 'Environmental conditions favourable for water stress: measured soil moisture 19.45% VWC is at or below the critical threshold of 25.0% VWC for Sorghum.', 'observed_at': None}]",2,23,,medium,1 environmental risk finding(s) reported; highest severity 'moderate'. Scout to confirm presence or absence - the system does not diagnose.,,2026-10-08T06:00:00Z,planned,Scout Tank-fed Red Laterite Plot for conditions favouring water stress,1,12
irrigation,12,2026-10-05T16:13:00.916534Z,"[{'label': 'Irrigation recommendation', 'value': 'consider_irrigation', 'kind': 'rule', 'unit': None, 'source': 'irrigation agent', 'reference': None, 'note': 'Urgency: medium; depth 8.1 mm; volume 21.1 m3.', 'observed_at': None}]",2,24,,medium,"Measured soil moisture is 19.45% VWC at the vegetative stage. The texture-specific refill trigger for red_laterite is 15.0% VWC and the critical threshold for Sorghum is 25.0% VWC, with insufficient rainfall forecast inside the decision window. Irrigation is recommended and requires human authorisation. AWAITING HUMAN AUTHORISATION - do not apply water until a reviewer approves this plan.",,2026-10-05T06:00:00Z,planned,Apply 8.1 mm irrigation to Tank-fed Red Laterite Plot,1,12
soil_testing,,2026-10-05T16:12:55.320451Z,"[{'label': 'Missing soil inputs', 'value': 'historical seasonal rainfall totals (only the forecast window was assessed)', 'kind': 'rule', 'unit': None, 'source': 'crop suitability agent', 'reference': None, 'note': None, 'observed_at': None}]",1,22,,low,The suitability assessment could not be completed because these inputs are absent: historical seasonal rainfall totals (only the forecast window was assessed),,2026-10-10T06:00:00Z,planned,Collect soil sample from North Black Cotton Plot for missing parameters,7,11
field_scouting,,2026-10-05T16:05:39.001158Z,"[{'label': 'Risk finding: water_stress', 'value': 'medium', 'kind': 'rule', 'unit': None, 'source': 'crop risk monitoring agent', 'reference': None, 'note': 'Environmental conditions favourable for water stress: measured soil moisture 16.72% VWC is at or below the critical threshold of 25.0% VWC for Groundnut.', 'observed_at': None}]",4,18,,medium,1 environmental risk finding(s) reported; highest severity 'moderate'. Scout to confirm presence or absence - the system does not diagnose.,,2026-10-08T06:00:00Z,planned,Scout Sandy Loam Onion Plot for conditions favouring water stress,1,9
irrigation,9,2026-10-05T16:05:39.001161Z,"[{'label': 'Irrigation recommendation', 'value': 'consider_irrigation', 'kind': 'rule', 'unit': None, 'source': 'irrigation agent', 'reference': None, 'note': 'Urgency: high; depth 14.3 mm; volume 31.5 m3.', 'observed_at': None}]",4,19,,high,"Measured soil moisture is 16.72% VWC at the sowing stage. The texture-specific refill trigger for sandy_loam is 15.0% VWC and the critical threshold for Groundnut is 25.0% VWC, with insufficient rainfall forecast inside the decision window. Irrigation is recommended and requires human authorisation. AWAITING HUMAN AUTHORISATION - do not apply water until a reviewer approves this plan.",,2026-10-05T06:00:00Z,planned,Apply 14.3 mm irrigation to Sandy Loam Onion Plot,1,9
soil_testing,,2026-10-05T16:05:39.001163Z,"[{'label': 'Missing soil inputs', 'value': 'historical seasonal rainfall totals (only the forecast window was assessed)', 'kind': 'rule', 'unit': None, 'source': 'crop suitability agent', 'reference': None, 'note': None, 'observed_at': None}]",4,20,,low,The suitability assessment could not be completed because these inputs are absent: historical seasonal rainfall totals (only the forecast window was assessed),,2026-10-10T06:00:00Z,planned,Collect soil sample from Sandy Loam Onion Plot for missing parameters,7,9
sowing,,2026-10-05T16:05:39.001164Z,"[{'label': 'Suitability score', 'value': 0.754, 'kind': 'rule', 'unit': None, 'source': 'crop suitability agent', 'reference': None, 'note': 'status: suitable_with_conditions', 'observed_at': None}]",4,21,,medium,Suitability status 'suitable_with_conditions' for groundnut (score 0.754). Confirm the planting window before committing seed and input cost.,,2026-10-07T06:00:00Z,planned,Confirm sowing window for groundnut on Sandy Loam Onion Plot,1,9
irrigation,8,2026-10-05T16:05:32.329022Z,"[{'label': 'Irrigation recommendation', 'value': 'consider_irrigation', 'kind': 'rule', 'unit': None, 'source': 'irrigation agent', 'reference': None, 'note': 'Urgency: medium; depth 18.2 mm; volume 65.5 m3.', 'observed_at': None}]",3,15,,medium,"Measured soil moisture is 23.08% VWC at the maturity stage. The texture-specific refill trigger for alluvial is 22.0% VWC and the critical threshold for Wheat is 30.0% VWC, with insufficient rainfall forecast inside the decision window. Irrigation is recommended and requires human authorisation. AWAITING HUMAN AUTHORISATION - do not apply water until a reviewer approves this plan.",,2026-10-05T06:00:00Z,planned,Apply 18.2 mm irrigation to Canal-fed Wheat Plot,1,8
soil_testing,,2026-10-05T16:05:32.329030Z,"[{'label': 'Missing soil inputs', 'value': 'historical seasonal rainfall totals (only the forecast window was assessed)', 'kind': 'rule', 'unit': None, 'source': 'crop suitability agent', 'reference': None, 'note': None, 'observed_at': None}]",3,16,,low,The suitability assessment could not be completed because these inputs are absent: historical seasonal rainfall totals (only the forecast window was assessed),,2026-10-10T06:00:00Z,planned,Collect soil sample from Canal-fed Wheat Plot for missing parameters,7,8
harvest_planning,,2026-10-05T16:05:32.329032Z,"[{'label': 'Recorded crop stage', 'value': 'maturity', 'kind': 'user_input', 'unit': None, 'source': 'field profile', 'reference': None, 'note': None, 'observed_at': None}]",3,17,,medium,Crop stage is recorded as maturity; harvesting and residue management should be planned.,,2026-10-12T06:00:00Z,planned,Plan harvest and post-harvest operations for wheat on Canal-fed Wheat Plot,5,8
field_scouting,,2026-10-05T16:05:25.815559Z,"[{'label': 'Risk finding: water_stress', 'value': 'medium', 'kind': 'rule', 'unit': None, 'source': 'crop risk monitoring agent', 'reference': None, 'note': 'Environmental conditions favourable for water stress: measured soil moisture 18.89% VWC is at or below the critical threshold of 25.0% VWC for Sorghum.', 'observed_at': None}]",2,13,,medium,1 environmental risk finding(s) reported; highest severity 'moderate'. Scout to confirm presence or absence - the system does not diagnose.,,2026-10-08T06:00:00Z,planned,Scout Tank-fed Red Laterite Plot for conditions favouring water stress,1,7
irrigation,7,2026-10-05T16:05:25.815569Z,"[{'label': 'Irrigation recommendation', 'value': 'consider_irrigation', 'kind': 'rule', 'unit': None, 'source': 'irrigation agent', 'reference': None, 'note': 'Urgency: medium; depth 9.0 mm; volume 23.4 m3.', 'observed_at': None}]",2,14,,medium,"Measured soil moisture is 18.89% VWC at the vegetative stage. The texture-specific refill trigger for red_laterite is 15.0% VWC and the critical threshold for Sorghum is 25.0% VWC, with insufficient rainfall forecast inside the decision window. Irrigation is recommended and requires human authorisation. AWAITING HUMAN AUTHORISATION - do not apply water until a reviewer approves this plan.",,2026-10-05T06:00:00Z,planned,Apply 9.0 mm irrigation to Tank-fed Red Laterite Plot,1,7
soil_testing,,2026-10-05T16:05:22.029134Z,"[{'label': 'Missing soil inputs', 'value': 'historical seasonal rainfall totals (only the forecast window was assessed)', 'kind': 'rule', 'unit': None, 'source': 'crop suitability agent', 'reference': None, 'note': None, 'observed_at': None}]",1,12,,low,The suitability assessment could not be completed because these inputs are absent: historical seasonal rainfall totals (only the forecast window was assessed),,2026-10-10T06:00:00Z,planned,Collect soil sample from North Black Cotton Plot for missing parameters,7,6
field_scouting,,2026-10-05T16:04:33.814214Z,"[{'label': 'Risk finding: water_stress', 'value': 'medium', 'kind': 'rule', 'unit': None, 'source': 'crop risk monitoring agent', 'reference': None, 'note': 'Environmental conditions favourable for water stress: measured soil moisture 23.33% VWC is at or below the critical threshold of 27.0% VWC for Pigeonpea.', 'observed_at': None}]",5,10,,medium,1 environmental risk finding(s) reported; highest severity 'moderate'. Scout to confirm presence or absence - the system does not diagnose.,,2026-10-08T06:00:00Z,planned,Scout Loam Pigeonpea Plot for conditions favouring water stress,1,5
irrigation,5,2026-10-05T16:04:33.814261Z,"[{'label': 'Irrigation recommendation', 'value': 'consider_irrigation', 'kind': 'rule', 'unit': None, 'source': 'irrigation agent', 'reference': None, 'note': 'Urgency: high; depth 16.6 mm; volume 34.9 m3.', 'observed_at': None}]",5,11,,high,"Measured soil moisture is 23.33% VWC at the vegetative stage. The texture-specific refill trigger for loam is 21.0% VWC and the critical threshold for Pigeonpea is 27.0% VWC, with insufficient rainfall forecast inside the decision window. Irrigation is recommended and requires human authorisation. AWAITING HUMAN AUTHORISATION - do not apply water until a reviewer approves this plan.",,2026-10-05T06:00:00Z,planned,Apply 16.6 mm irrigation to Loam Pigeonpea Plot,1,5
field_scouting,,2026-10-05T16:04:30.846925Z,"[{'label': 'Risk finding: water_stress', 'value': 'medium', 'kind': 'rule', 'unit': None, 'source': 'crop risk monitoring agent', 'reference': None, 'note': 'Environmental conditions favourable for water stress: measured soil moisture 21.57% VWC is at or below the critical threshold of 25.0% VWC for Groundnut.', 'observed_at': None}]",4,6,,medium,1 environmental risk finding(s) reported; highest severity 'moderate'. Scout to confirm presence or absence - the system does not diagnose.,,2026-10-08T06:00:00Z,planned,Scout Sandy Loam Onion Plot for conditions favouring water stress,1,4
irrigation,4,2026-10-05T16:04:30.846932Z,"[{'label': 'Irrigation recommendation', 'value': 'consider_irrigation', 'kind': 'rule', 'unit': None, 'source': 'irrigation agent', 'reference': None, 'note': 'Urgency: medium; depth 6.8 mm; volume 15.0 m3.', 'observed_at': None}]",4,7,,medium,"Measured soil moisture is 21.57% VWC at the sowing stage. The texture-specific refill trigger for sandy_loam is 15.0% VWC and the critical threshold for Groundnut is 25.0% VWC, with insufficient rainfall forecast inside the decision window. Irrigation is recommended and requires human authorisation. AWAITING HUMAN AUTHORISATION - do not apply water until a reviewer approves this plan.",,2026-10-05T06:00:00Z,planned,Apply 6.8 mm irrigation to Sandy Loam Onion Plot,1,4
soil_testing,,2026-10-05T16:04:30.846935Z,"[{'label': 'Missing soil inputs', 'value': 'historical seasonal rainfall totals (only the forecast window was assessed)', 'kind': 'rule', 'unit': None, 'source': 'crop suitability agent', 'reference': None, 'note': None, 'observed_at': None}]",4,8,,low,The suitability assessment could not be completed because these inputs are absent: historical seasonal rainfall totals (only the forecast window was assessed),,2026-10-10T06:00:00Z,planned,Collect soil sample from Sandy Loam Onion Plot for missing parameters,7,4
sowing,,2026-10-05T16:04:30.846937Z,"[{'label': 'Suitability score', 'value': 0.754, 'kind': 'rule', 'unit': None, 'source': 'crop suitability agent', 'reference': None, 'note': 'status: suitable_with_conditions', 'observed_at': None}]",4,9,,medium,Suitability status 'suitable_with_conditions' for groundnut (score 0.754). Confirm the planting window before committing seed and input cost.,,2026-10-07T06:00:00Z,planned,Confirm sowing window for groundnut on Sandy Loam Onion Plot,1,4
irrigation,3,2026-10-05T16:04:28.337894Z,"[{'label': 'Irrigation recommendation', 'value': 'consider_irrigation', 'kind': 'rule', 'unit': None, 'source': 'irrigation agent', 'reference': None, 'note': 'Urgency: medium; depth 8.4 mm; volume 30.2 m3.', 'observed_at': None}]",3,3,,medium,"Measured soil moisture is 28.96% VWC at the maturity stage. The texture-specific refill trigger for alluvial is 22.0% VWC and the critical threshold for Wheat is 30.0% VWC, with insufficient rainfall forecast inside the decision window. Irrigation is recommended and requires human authorisation. AWAITING HUMAN AUTHORISATION - do not apply water until a reviewer approves this plan.",,2026-10-05T06:00:00Z,planned,Apply 8.4 mm irrigation to Canal-fed Wheat Plot,1,3
soil_testing,,2026-10-05T16:04:28.337899Z,"[{'label': 'Missing soil inputs', 'value': 'historical seasonal rainfall totals (only the forecast window was assessed)', 'kind': 'rule', 'unit': None, 'source': 'crop suitability agent', 'reference': None, 'note': None, 'observed_at': None}]",3,4,,low,The suitability assessment could not be completed because these inputs are absent: historical seasonal rainfall totals (only the forecast window was assessed),,2026-10-10T06:00:00Z,planned,Collect soil sample from Canal-fed Wheat Plot for missing parameters,7,3
harvest_planning,,2026-10-05T16:04:28.337900Z,"[{'label': 'Recorded crop stage', 'value': 'maturity', 'kind': 'user_input', 'unit': None, 'source': 'field profile', 'reference': None, 'note': None, 'observed_at': None}]",3,5,,medium,Crop stage is recorded as maturity; harvesting and residue management should be planned.,,2026-10-12T06:00:00Z,planned,Plan harvest and post-harvest operations for wheat on Canal-fed Wheat Plot,5,3
irrigation,2,2026-10-05T16:04:26.257501Z,"[{'label': 'Irrigation recommendation', 'value': 'consider_irrigation', 'kind': 'rule', 'unit': None, 'source': 'irrigation agent', 'reference': None, 'note': 'Urgency: high; depth 16.1 mm; volume 41.9 m3.', 'observed_at': None}]",2,2,,high,"Measured soil moisture is 14.04% VWC at the vegetative stage. The texture-specific refill trigger for red_laterite is 15.0% VWC and the critical threshold for Sorghum is 25.0% VWC, with insufficient rainfall forecast inside the decision window. Irrigation is recommended and requires human authorisation. AWAITING HUMAN AUTHORISATION - do not apply water until a reviewer approves this plan.",,2026-10-05T06:00:00Z,planned,Apply 16.1 mm irrigation to Tank-fed Red Laterite Plot,1,2
soil_testing,,2026-10-05T16:04:23.665129Z,"[{'label': 'Missing soil inputs', 'value': 'historical seasonal rainfall totals (only the forecast window was assessed)', 'kind': 'rule', 'unit': None, 'source': 'crop suitability agent', 'reference': None, 'note': None, 'observed_at': None}]",1,1,,low,The suitability assessment could not be completed because these inputs are absent: historical seasonal rainfall totals (only the forecast window was assessed),,2026-10-10T06:00:00Z,planned,Collect soil sample from North Black Cotton Plot for missing parameters,7,1
